Element,Xa,Ya,Za,Xb,Yb,Zb,modulus
A,49,54,1,92,77,10,49.58830507
B,301,104,2,345,228,9,131.7611475
C,77,193,1,316,392,10,311.1318049